{
  "openapi" : "3.0.0",
  "info" : {
    "title" : "Calculation API",
    "description" : "Calculation API",
    "version" : "1.0"
  },
  "servers" : [ {
    "url" : "https://virtserver.swaggerhub.com/ANATAFR/CalcAPI/1.0",
    "description" : "SwaggerHub API Auto Mocking"
  } ],
  "paths" : {
    "/calculate" : {
      "post" : {
        "summary" : "Perform arithmetic operation",
        "requestBody" : {
          "content" : {
            "application/json" : {
              "schema" : {
                "$ref" : "#/components/schemas/calculate_body"
              }
            }
          },
          "required" : true
        },
        "responses" : {
          "200" : {
            "description" : "Successful operation",
            "content" : {
              "application/json" : {
                "schema" : {
                  "$ref" : "#/components/schemas/inline_response_200"
                }
              }
            }
          }
        }
      }
    }
  },
  "components" : {
    "schemas" : {
      "calculate_body" : {
        "type" : "object",
        "properties" : {
          "a" : {
            "type" : "number"
          },
          "b" : {
            "type" : "number"
          },
          "operation" : {
            "type" : "string",
            "enum" : [ "add", "subtract", "multiply", "divide" ]
          }
        }
      },
      "inline_response_200" : {
        "type" : "object",
        "properties" : {
          "result" : {
            "type" : "number"
          }
        },
        "example" : {
          "result" : 0.8008281904610115
        }
      }
    }
  }
}
